year;sex;age_label;group_code;effectifs;source_file;source_sheet;source_rows;source_filter;method_status
2024;F;55;autres;57;data/sources/drees/62 EACR diffusée Part 2 - version du 26 mai 2026.xlsx;H-Conditions_liq;126430;"CNAV;0015;Flux;Taux=Ensemble;hors totaux;hors mico/C2P";observed_grouped_not_active
2024;F;55;sante_invalidite_inaptitude;2;data/sources/drees/62 EACR diffusée Part 2 - version du 26 mai 2026.xlsx;H-Conditions_liq;126387;"CNAV;0015;Flux;Taux=Ensemble;hors totaux;hors mico/C2P";observed_grouped_not_active
2024;F;56;autres;87;data/sources/drees/62 EACR diffusée Part 2 - version du 26 mai 2026.xlsx;H-Conditions_liq;126431;"CNAV;0015;Flux;Taux=Ensemble;hors totaux;hors mico/C2P";observed_grouped_not_active
2024;F;56;sante_invalidite_inaptitude;5;data/sources/drees/62 EACR diffusée Part 2 - version du 26 mai 2026.xlsx;H-Conditions_liq;126388;"CNAV;0015;Flux;Taux=Ensemble;hors totaux;hors mico/C2P";observed_grouped_not_active
2024;F;57;autres;90;data/sources/drees/62 EACR diffusée Part 2 - version du 26 mai 2026.xlsx;H-Conditions_liq;126432;"CNAV;0015;Flux;Taux=Ensemble;hors totaux;hors mico/C2P";observed_grouped_not_active
2024;F;57;sante_invalidite_inaptitude;4;data/sources/drees/62 EACR diffusée Part 2 - version du 26 mai 2026.xlsx;H-Conditions_liq;126389;"CNAV;0015;Flux;Taux=Ensemble;hors totaux;hors mico/C2P";observed_grouped_not_active
2024;F;58;autres;100;data/sources/drees/62 EACR diffusée Part 2 - version du 26 mai 2026.xlsx;H-Conditions_liq;126433;"CNAV;0015;Flux;Taux=Ensemble;hors totaux;hors mico/C2P";observed_grouped_not_active
2024;F;58;carriere_longue;4;data/sources/drees/62 EACR diffusée Part 2 - version du 26 mai 2026.xlsx;H-Conditions_liq;126412;"CNAV;0015;Flux;Taux=Ensemble;hors totaux;hors mico/C2P";observed_grouped_not_active
2024;F;58;sante_invalidite_inaptitude;5;data/sources/drees/62 EACR diffusée Part 2 - version du 26 mai 2026.xlsx;H-Conditions_liq;126390;"CNAV;0015;Flux;Taux=Ensemble;hors totaux;hors mico/C2P";observed_grouped_not_active
2024;F;59;autres;143;data/sources/drees/62 EACR diffusée Part 2 - version du 26 mai 2026.xlsx;H-Conditions_liq;126434;"CNAV;0015;Flux;Taux=Ensemble;hors totaux;hors mico/C2P";observed_grouped_not_active
2024;F;59;carriere_longue;22;data/sources/drees/62 EACR diffusée Part 2 - version du 26 mai 2026.xlsx;H-Conditions_liq;126413;"CNAV;0015;Flux;Taux=Ensemble;hors totaux;hors mico/C2P";observed_grouped_not_active
2024;F;59;sante_invalidite_inaptitude;6;data/sources/drees/62 EACR diffusée Part 2 - version du 26 mai 2026.xlsx;H-Conditions_liq;126391;"CNAV;0015;Flux;Taux=Ensemble;hors totaux;hors mico/C2P";observed_grouped_not_active
2024;F;60;autres;184;data/sources/drees/62 EACR diffusée Part 2 - version du 26 mai 2026.xlsx;H-Conditions_liq;126435;"CNAV;0015;Flux;Taux=Ensemble;hors totaux;hors mico/C2P";observed_grouped_not_active
2024;F;60;carriere_longue;6669;data/sources/drees/62 EACR diffusée Part 2 - version du 26 mai 2026.xlsx;H-Conditions_liq;126414;"CNAV;0015;Flux;Taux=Ensemble;hors totaux;hors mico/C2P";observed_grouped_not_active
2024;F;60;droit_commun;5;data/sources/drees/62 EACR diffusée Part 2 - version du 26 mai 2026.xlsx;H-Conditions_liq;126490;"CNAV;0015;Flux;Taux=Ensemble;hors totaux;hors mico/C2P";observed_grouped_not_active
2024;F;60;sante_invalidite_inaptitude;747;data/sources/drees/62 EACR diffusée Part 2 - version du 26 mai 2026.xlsx;H-Conditions_liq;126269|126293|126392;"CNAV;0015;Flux;Taux=Ensemble;hors totaux;hors mico/C2P";observed_grouped_not_active
2024;F;61;autres;138;data/sources/drees/62 EACR diffusée Part 2 - version du 26 mai 2026.xlsx;H-Conditions_liq;126436|126449;"CNAV;0015;Flux;Taux=Ensemble;hors totaux;hors mico/C2P";observed_grouped_not_active
2024;F;61;carriere_longue;16273;data/sources/drees/62 EACR diffusée Part 2 - version du 26 mai 2026.xlsx;H-Conditions_liq;126415;"CNAV;0015;Flux;Taux=Ensemble;hors totaux;hors mico/C2P";observed_grouped_not_active
2024;F;61;droit_commun;6879;data/sources/drees/62 EACR diffusée Part 2 - version du 26 mai 2026.xlsx;H-Conditions_liq;126491;"CNAV;0015;Flux;Taux=Ensemble;hors totaux;hors mico/C2P";observed_grouped_not_active
2024;F;61;sante_invalidite_inaptitude;775;data/sources/drees/62 EACR diffusée Part 2 - version du 26 mai 2026.xlsx;H-Conditions_liq;126270|126294|126321|126393;"CNAV;0015;Flux;Taux=Ensemble;hors totaux;hors mico/C2P";observed_grouped_not_active
2024;F;62;autres;215;data/sources/drees/62 EACR diffusée Part 2 - version du 26 mai 2026.xlsx;H-Conditions_liq;126437|126450;"CNAV;0015;Flux;Taux=Ensemble;hors totaux;hors mico/C2P";observed_grouped_not_active
2024;F;62;carriere_longue;11372;data/sources/drees/62 EACR diffusée Part 2 - version du 26 mai 2026.xlsx;H-Conditions_liq;126416;"CNAV;0015;Flux;Taux=Ensemble;hors totaux;hors mico/C2P";observed_grouped_not_active
2024;F;62;droit_commun;42176;data/sources/drees/62 EACR diffusée Part 2 - version du 26 mai 2026.xlsx;H-Conditions_liq;126492;"CNAV;0015;Flux;Taux=Ensemble;hors totaux;hors mico/C2P";observed_grouped_not_active
2024;F;62;sante_invalidite_inaptitude;50673;data/sources/drees/62 EACR diffusée Part 2 - version du 26 mai 2026.xlsx;H-Conditions_liq;126271|126295|126322|126351|126394;"CNAV;0015;Flux;Taux=Ensemble;hors totaux;hors mico/C2P";observed_grouped_not_active
2024;F;63;autres;110;data/sources/drees/62 EACR diffusée Part 2 - version du 26 mai 2026.xlsx;H-Conditions_liq;126438|126451;"CNAV;0015;Flux;Taux=Ensemble;hors totaux;hors mico/C2P";observed_grouped_not_active
2024;F;63;carriere_longue;648;data/sources/drees/62 EACR diffusée Part 2 - version du 26 mai 2026.xlsx;H-Conditions_liq;126417;"CNAV;0015;Flux;Taux=Ensemble;hors totaux;hors mico/C2P";observed_grouped_not_active
2024;F;63;droit_commun;65162;data/sources/drees/62 EACR diffusée Part 2 - version du 26 mai 2026.xlsx;H-Conditions_liq;126493;"CNAV;0015;Flux;Taux=Ensemble;hors totaux;hors mico/C2P";observed_grouped_not_active
2024;F;63;sante_invalidite_inaptitude;9457;data/sources/drees/62 EACR diffusée Part 2 - version du 26 mai 2026.xlsx;H-Conditions_liq;126272|126296|126323|126352|126395;"CNAV;0015;Flux;Taux=Ensemble;hors totaux;hors mico/C2P";observed_grouped_not_active
2024;F;64;autres;42;data/sources/drees/62 EACR diffusée Part 2 - version du 26 mai 2026.xlsx;H-Conditions_liq;126452;"CNAV;0015;Flux;Taux=Ensemble;hors totaux;hors mico/C2P";observed_grouped_not_active
2024;F;64;droit_commun;24141;data/sources/drees/62 EACR diffusée Part 2 - version du 26 mai 2026.xlsx;H-Conditions_liq;126494;"CNAV;0015;Flux;Taux=Ensemble;hors totaux;hors mico/C2P";observed_grouped_not_active
2024;F;64;sante_invalidite_inaptitude;2462;data/sources/drees/62 EACR diffusée Part 2 - version du 26 mai 2026.xlsx;H-Conditions_liq;126273|126297|126324|126353|126396;"CNAV;0015;Flux;Taux=Ensemble;hors totaux;hors mico/C2P";observed_grouped_not_active
2024;F;65;autres;111;data/sources/drees/62 EACR diffusée Part 2 - version du 26 mai 2026.xlsx;H-Conditions_liq;126439|126453;"CNAV;0015;Flux;Taux=Ensemble;hors totaux;hors mico/C2P";observed_grouped_not_active
2024;F;65;droit_commun;21443;data/sources/drees/62 EACR diffusée Part 2 - version du 26 mai 2026.xlsx;H-Conditions_liq;126495;"CNAV;0015;Flux;Taux=Ensemble;hors totaux;hors mico/C2P";observed_grouped_not_active
2024;F;65;sante_invalidite_inaptitude;2103;data/sources/drees/62 EACR diffusée Part 2 - version du 26 mai 2026.xlsx;H-Conditions_liq;126274|126298|126325|126354|126397;"CNAV;0015;Flux;Taux=Ensemble;hors totaux;hors mico/C2P";observed_grouped_not_active
2024;F;66;autres;71;data/sources/drees/62 EACR diffusée Part 2 - version du 26 mai 2026.xlsx;H-Conditions_liq;126454;"CNAV;0015;Flux;Taux=Ensemble;hors totaux;hors mico/C2P";observed_grouped_not_active
2024;F;66;droit_commun;13435;data/sources/drees/62 EACR diffusée Part 2 - version du 26 mai 2026.xlsx;H-Conditions_liq;126496;"CNAV;0015;Flux;Taux=Ensemble;hors totaux;hors mico/C2P";observed_grouped_not_active
2024;F;66;sante_invalidite_inaptitude;1254;data/sources/drees/62 EACR diffusée Part 2 - version du 26 mai 2026.xlsx;H-Conditions_liq;126275|126299|126326|126355|126398;"CNAV;0015;Flux;Taux=Ensemble;hors totaux;hors mico/C2P";observed_grouped_not_active
2024;F;67;autres;26;data/sources/drees/62 EACR diffusée Part 2 - version du 26 mai 2026.xlsx;H-Conditions_liq;126455;"CNAV;0015;Flux;Taux=Ensemble;hors totaux;hors mico/C2P";observed_grouped_not_active
2024;F;67;droit_commun;36066;data/sources/drees/62 EACR diffusée Part 2 - version du 26 mai 2026.xlsx;H-Conditions_liq;126497;"CNAV;0015;Flux;Taux=Ensemble;hors totaux;hors mico/C2P";observed_grouped_not_active
2024;F;67;sante_invalidite_inaptitude;704;data/sources/drees/62 EACR diffusée Part 2 - version du 26 mai 2026.xlsx;H-Conditions_liq;126300|126327|126356|126399;"CNAV;0015;Flux;Taux=Ensemble;hors totaux;hors mico/C2P";observed_grouped_not_active
2024;F;68;droit_commun;10913;data/sources/drees/62 EACR diffusée Part 2 - version du 26 mai 2026.xlsx;H-Conditions_liq;126498;"CNAV;0015;Flux;Taux=Ensemble;hors totaux;hors mico/C2P";observed_grouped_not_active
2024;F;68;sante_invalidite_inaptitude;67;data/sources/drees/62 EACR diffusée Part 2 - version du 26 mai 2026.xlsx;H-Conditions_liq;126328|126357|126400;"CNAV;0015;Flux;Taux=Ensemble;hors totaux;hors mico/C2P";observed_grouped_not_active
2024;F;69;droit_commun;3411;data/sources/drees/62 EACR diffusée Part 2 - version du 26 mai 2026.xlsx;H-Conditions_liq;126499;"CNAV;0015;Flux;Taux=Ensemble;hors totaux;hors mico/C2P";observed_grouped_not_active
2024;F;69;sante_invalidite_inaptitude;14;data/sources/drees/62 EACR diffusée Part 2 - version du 26 mai 2026.xlsx;H-Conditions_liq;126276|126329|126358|126401;"CNAV;0015;Flux;Taux=Ensemble;hors totaux;hors mico/C2P";observed_grouped_not_active
2024;F;70;droit_commun;2281;data/sources/drees/62 EACR diffusée Part 2 - version du 26 mai 2026.xlsx;H-Conditions_liq;126500;"CNAV;0015;Flux;Taux=Ensemble;hors totaux;hors mico/C2P";observed_grouped_not_active
2024;F;70;sante_invalidite_inaptitude;5;data/sources/drees/62 EACR diffusée Part 2 - version du 26 mai 2026.xlsx;H-Conditions_liq;126330|126402;"CNAV;0015;Flux;Taux=Ensemble;hors totaux;hors mico/C2P";observed_grouped_not_active
2024;F;>70;droit_commun;9067;data/sources/drees/62 EACR diffusée Part 2 - version du 26 mai 2026.xlsx;H-Conditions_liq;126501;"CNAV;0015;Flux;Taux=Ensemble;hors totaux;hors mico/C2P";observed_grouped_not_active
2024;F;>70;sante_invalidite_inaptitude;16;data/sources/drees/62 EACR diffusée Part 2 - version du 26 mai 2026.xlsx;H-Conditions_liq;126359|126403;"CNAV;0015;Flux;Taux=Ensemble;hors totaux;hors mico/C2P";observed_grouped_not_active
2024;H;55;autres;119;data/sources/drees/62 EACR diffusée Part 2 - version du 26 mai 2026.xlsx;H-Conditions_liq;128114;"CNAV;0015;Flux;Taux=Ensemble;hors totaux;hors mico/C2P";observed_grouped_not_active
2024;H;55;sante_invalidite_inaptitude;6;data/sources/drees/62 EACR diffusée Part 2 - version du 26 mai 2026.xlsx;H-Conditions_liq;128072;"CNAV;0015;Flux;Taux=Ensemble;hors totaux;hors mico/C2P";observed_grouped_not_active
2024;H;56;autres;148;data/sources/drees/62 EACR diffusée Part 2 - version du 26 mai 2026.xlsx;H-Conditions_liq;128115;"CNAV;0015;Flux;Taux=Ensemble;hors totaux;hors mico/C2P";observed_grouped_not_active
2024;H;56;sante_invalidite_inaptitude;10;data/sources/drees/62 EACR diffusée Part 2 - version du 26 mai 2026.xlsx;H-Conditions_liq;128073;"CNAV;0015;Flux;Taux=Ensemble;hors totaux;hors mico/C2P";observed_grouped_not_active
2024;H;57;autres;168;data/sources/drees/62 EACR diffusée Part 2 - version du 26 mai 2026.xlsx;H-Conditions_liq;128116|128134;"CNAV;0015;Flux;Taux=Ensemble;hors totaux;hors mico/C2P";observed_grouped_not_active
2024;H;57;sante_invalidite_inaptitude;5;data/sources/drees/62 EACR diffusée Part 2 - version du 26 mai 2026.xlsx;H-Conditions_liq;128074;"CNAV;0015;Flux;Taux=Ensemble;hors totaux;hors mico/C2P";observed_grouped_not_active
2024;H;58;autres;184;data/sources/drees/62 EACR diffusée Part 2 - version du 26 mai 2026.xlsx;H-Conditions_liq;128117;"CNAV;0015;Flux;Taux=Ensemble;hors totaux;hors mico/C2P";observed_grouped_not_active
2024;H;58;carriere_longue;24;data/sources/drees/62 EACR diffusée Part 2 - version du 26 mai 2026.xlsx;H-Conditions_liq;128097;"CNAV;0015;Flux;Taux=Ensemble;hors totaux;hors mico/C2P";observed_grouped_not_active
2024;H;58;sante_invalidite_inaptitude;7;data/sources/drees/62 EACR diffusée Part 2 - version du 26 mai 2026.xlsx;H-Conditions_liq;128075;"CNAV;0015;Flux;Taux=Ensemble;hors totaux;hors mico/C2P";observed_grouped_not_active
2024;H;59;autres;258;data/sources/drees/62 EACR diffusée Part 2 - version du 26 mai 2026.xlsx;H-Conditions_liq;128118|128135;"CNAV;0015;Flux;Taux=Ensemble;hors totaux;hors mico/C2P";observed_grouped_not_active
2024;H;59;carriere_longue;117;data/sources/drees/62 EACR diffusée Part 2 - version du 26 mai 2026.xlsx;H-Conditions_liq;128098;"CNAV;0015;Flux;Taux=Ensemble;hors totaux;hors mico/C2P";observed_grouped_not_active
2024;H;59;sante_invalidite_inaptitude;15;data/sources/drees/62 EACR diffusée Part 2 - version du 26 mai 2026.xlsx;H-Conditions_liq;128076;"CNAV;0015;Flux;Taux=Ensemble;hors totaux;hors mico/C2P";observed_grouped_not_active
2024;H;60;autres;385;data/sources/drees/62 EACR diffusée Part 2 - version du 26 mai 2026.xlsx;H-Conditions_liq;128119;"CNAV;0015;Flux;Taux=Ensemble;hors totaux;hors mico/C2P";observed_grouped_not_active
2024;H;60;carriere_longue;25563;data/sources/drees/62 EACR diffusée Part 2 - version du 26 mai 2026.xlsx;H-Conditions_liq;128099;"CNAV;0015;Flux;Taux=Ensemble;hors totaux;hors mico/C2P";observed_grouped_not_active
2024;H;60;droit_commun;3;data/sources/drees/62 EACR diffusée Part 2 - version du 26 mai 2026.xlsx;H-Conditions_liq;128177;"CNAV;0015;Flux;Taux=Ensemble;hors totaux;hors mico/C2P";observed_grouped_not_active
2024;H;60;sante_invalidite_inaptitude;1807;data/sources/drees/62 EACR diffusée Part 2 - version du 26 mai 2026.xlsx;H-Conditions_liq;127957|127981|128077;"CNAV;0015;Flux;Taux=Ensemble;hors totaux;hors mico/C2P";observed_grouped_not_active
2024;H;61;autres;277;data/sources/drees/62 EACR diffusée Part 2 - version du 26 mai 2026.xlsx;H-Conditions_liq;128120|128136;"CNAV;0015;Flux;Taux=Ensemble;hors totaux;hors mico/C2P";observed_grouped_not_active
2024;H;61;carriere_longue;33303;data/sources/drees/62 EACR diffusée Part 2 - version du 26 mai 2026.xlsx;H-Conditions_liq;128100;"CNAV;0015;Flux;Taux=Ensemble;hors totaux;hors mico/C2P";observed_grouped_not_active
2024;H;61;droit_commun;2898;data/sources/drees/62 EACR diffusée Part 2 - version du 26 mai 2026.xlsx;H-Conditions_liq;128178;"CNAV;0015;Flux;Taux=Ensemble;hors totaux;hors mico/C2P";observed_grouped_not_active
2024;H;61;sante_invalidite_inaptitude;1471;data/sources/drees/62 EACR diffusée Part 2 - version du 26 mai 2026.xlsx;H-Conditions_liq;127958|127982|128008|128078;"CNAV;0015;Flux;Taux=Ensemble;hors totaux;hors mico/C2P";observed_grouped_not_active
2024;H;62;autres;251;data/sources/drees/62 EACR diffusée Part 2 - version du 26 mai 2026.xlsx;H-Conditions_liq;128121|128137;"CNAV;0015;Flux;Taux=Ensemble;hors totaux;hors mico/C2P";observed_grouped_not_active
2024;H;62;carriere_longue;18021;data/sources/drees/62 EACR diffusée Part 2 - version du 26 mai 2026.xlsx;H-Conditions_liq;128101;"CNAV;0015;Flux;Taux=Ensemble;hors totaux;hors mico/C2P";observed_grouped_not_active
2024;H;62;droit_commun;21920;data/sources/drees/62 EACR diffusée Part 2 - version du 26 mai 2026.xlsx;H-Conditions_liq;128179;"CNAV;0015;Flux;Taux=Ensemble;hors totaux;hors mico/C2P";observed_grouped_not_active
2024;H;62;sante_invalidite_inaptitude;40244;data/sources/drees/62 EACR diffusée Part 2 - version du 26 mai 2026.xlsx;H-Conditions_liq;127959|127983|128009|128035|128079;"CNAV;0015;Flux;Taux=Ensemble;hors totaux;hors mico/C2P";observed_grouped_not_active
2024;H;63;autres;111;data/sources/drees/62 EACR diffusée Part 2 - version du 26 mai 2026.xlsx;H-Conditions_liq;128122|128138;"CNAV;0015;Flux;Taux=Ensemble;hors totaux;hors mico/C2P";observed_grouped_not_active
2024;H;63;carriere_longue;1080;data/sources/drees/62 EACR diffusée Part 2 - version du 26 mai 2026.xlsx;H-Conditions_liq;128102;"CNAV;0015;Flux;Taux=Ensemble;hors totaux;hors mico/C2P";observed_grouped_not_active
2024;H;63;droit_commun;44950;data/sources/drees/62 EACR diffusée Part 2 - version du 26 mai 2026.xlsx;H-Conditions_liq;128180;"CNAV;0015;Flux;Taux=Ensemble;hors totaux;hors mico/C2P";observed_grouped_not_active
2024;H;63;sante_invalidite_inaptitude;7384;data/sources/drees/62 EACR diffusée Part 2 - version du 26 mai 2026.xlsx;H-Conditions_liq;127960|127984|128010|128036|128080;"CNAV;0015;Flux;Taux=Ensemble;hors totaux;hors mico/C2P";observed_grouped_not_active
2024;H;64;autres;47;data/sources/drees/62 EACR diffusée Part 2 - version du 26 mai 2026.xlsx;H-Conditions_liq;128139;"CNAV;0015;Flux;Taux=Ensemble;hors totaux;hors mico/C2P";observed_grouped_not_active
2024;H;64;droit_commun;22465;data/sources/drees/62 EACR diffusée Part 2 - version du 26 mai 2026.xlsx;H-Conditions_liq;128181;"CNAV;0015;Flux;Taux=Ensemble;hors totaux;hors mico/C2P";observed_grouped_not_active
2024;H;64;sante_invalidite_inaptitude;2211;data/sources/drees/62 EACR diffusée Part 2 - version du 26 mai 2026.xlsx;H-Conditions_liq;127961|127985|128011|128037|128081;"CNAV;0015;Flux;Taux=Ensemble;hors totaux;hors mico/C2P";observed_grouped_not_active
2024;H;65;autres;81;data/sources/drees/62 EACR diffusée Part 2 - version du 26 mai 2026.xlsx;H-Conditions_liq;128140;"CNAV;0015;Flux;Taux=Ensemble;hors totaux;hors mico/C2P";observed_grouped_not_active
2024;H;65;droit_commun;20932;data/sources/drees/62 EACR diffusée Part 2 - version du 26 mai 2026.xlsx;H-Conditions_liq;128182;"CNAV;0015;Flux;Taux=Ensemble;hors totaux;hors mico/C2P";observed_grouped_not_active
2024;H;65;sante_invalidite_inaptitude;2067;data/sources/drees/62 EACR diffusée Part 2 - version du 26 mai 2026.xlsx;H-Conditions_liq;127962|127986|128012|128038|128082;"CNAV;0015;Flux;Taux=Ensemble;hors totaux;hors mico/C2P";observed_grouped_not_active
2024;H;66;autres;44;data/sources/drees/62 EACR diffusée Part 2 - version du 26 mai 2026.xlsx;H-Conditions_liq;128141;"CNAV;0015;Flux;Taux=Ensemble;hors totaux;hors mico/C2P";observed_grouped_not_active
2024;H;66;droit_commun;13259;data/sources/drees/62 EACR diffusée Part 2 - version du 26 mai 2026.xlsx;H-Conditions_liq;128183;"CNAV;0015;Flux;Taux=Ensemble;hors totaux;hors mico/C2P";observed_grouped_not_active
2024;H;66;sante_invalidite_inaptitude;1179;data/sources/drees/62 EACR diffusée Part 2 - version du 26 mai 2026.xlsx;H-Conditions_liq;127963|127987|128013|128039|128083;"CNAV;0015;Flux;Taux=Ensemble;hors totaux;hors mico/C2P";observed_grouped_not_active
2024;H;67;autres;22;data/sources/drees/62 EACR diffusée Part 2 - version du 26 mai 2026.xlsx;H-Conditions_liq;128142;"CNAV;0015;Flux;Taux=Ensemble;hors totaux;hors mico/C2P";observed_grouped_not_active
2024;H;67;droit_commun;23252;data/sources/drees/62 EACR diffusée Part 2 - version du 26 mai 2026.xlsx;H-Conditions_liq;128184;"CNAV;0015;Flux;Taux=Ensemble;hors totaux;hors mico/C2P";observed_grouped_not_active
2024;H;67;sante_invalidite_inaptitude;460;data/sources/drees/62 EACR diffusée Part 2 - version du 26 mai 2026.xlsx;H-Conditions_liq;127964|127988|128014|128040|128084;"CNAV;0015;Flux;Taux=Ensemble;hors totaux;hors mico/C2P";observed_grouped_not_active
2024;H;68;droit_commun;9315;data/sources/drees/62 EACR diffusée Part 2 - version du 26 mai 2026.xlsx;H-Conditions_liq;128185;"CNAV;0015;Flux;Taux=Ensemble;hors totaux;hors mico/C2P";observed_grouped_not_active
2024;H;68;sante_invalidite_inaptitude;55;data/sources/drees/62 EACR diffusée Part 2 - version du 26 mai 2026.xlsx;H-Conditions_liq;128015|128041|128085;"CNAV;0015;Flux;Taux=Ensemble;hors totaux;hors mico/C2P";observed_grouped_not_active
2024;H;69;droit_commun;3533;data/sources/drees/62 EACR diffusée Part 2 - version du 26 mai 2026.xlsx;H-Conditions_liq;128186;"CNAV;0015;Flux;Taux=Ensemble;hors totaux;hors mico/C2P";observed_grouped_not_active
2024;H;69;sante_invalidite_inaptitude;11;data/sources/drees/62 EACR diffusée Part 2 - version du 26 mai 2026.xlsx;H-Conditions_liq;128016|128042|128086;"CNAV;0015;Flux;Taux=Ensemble;hors totaux;hors mico/C2P";observed_grouped_not_active
2024;H;70;droit_commun;2540;data/sources/drees/62 EACR diffusée Part 2 - version du 26 mai 2026.xlsx;H-Conditions_liq;128187;"CNAV;0015;Flux;Taux=Ensemble;hors totaux;hors mico/C2P";observed_grouped_not_active
2024;H;70;sante_invalidite_inaptitude;6;data/sources/drees/62 EACR diffusée Part 2 - version du 26 mai 2026.xlsx;H-Conditions_liq;128087;"CNAV;0015;Flux;Taux=Ensemble;hors totaux;hors mico/C2P";observed_grouped_not_active
2024;H;>70;droit_commun;6490;data/sources/drees/62 EACR diffusée Part 2 - version du 26 mai 2026.xlsx;H-Conditions_liq;128188;"CNAV;0015;Flux;Taux=Ensemble;hors totaux;hors mico/C2P";observed_grouped_not_active
2024;H;>70;sante_invalidite_inaptitude;8;data/sources/drees/62 EACR diffusée Part 2 - version du 26 mai 2026.xlsx;H-Conditions_liq;128088;"CNAV;0015;Flux;Taux=Ensemble;hors totaux;hors mico/C2P";observed_grouped_not_active
2024;T;55;autres;176;data/sources/drees/62 EACR diffusée Part 2 - version du 26 mai 2026.xlsx;H-Conditions_liq;124761;"CNAV;0015;Flux;Taux=Ensemble;hors totaux;hors mico/C2P";observed_grouped_not_active
2024;T;55;sante_invalidite_inaptitude;8;data/sources/drees/62 EACR diffusée Part 2 - version du 26 mai 2026.xlsx;H-Conditions_liq;124718;"CNAV;0015;Flux;Taux=Ensemble;hors totaux;hors mico/C2P";observed_grouped_not_active
2024;T;56;autres;235;data/sources/drees/62 EACR diffusée Part 2 - version du 26 mai 2026.xlsx;H-Conditions_liq;124762;"CNAV;0015;Flux;Taux=Ensemble;hors totaux;hors mico/C2P";observed_grouped_not_active
2024;T;56;sante_invalidite_inaptitude;15;data/sources/drees/62 EACR diffusée Part 2 - version du 26 mai 2026.xlsx;H-Conditions_liq;124719;"CNAV;0015;Flux;Taux=Ensemble;hors totaux;hors mico/C2P";observed_grouped_not_active
2024;T;57;autres;258;data/sources/drees/62 EACR diffusée Part 2 - version du 26 mai 2026.xlsx;H-Conditions_liq;124763|124782;"CNAV;0015;Flux;Taux=Ensemble;hors totaux;hors mico/C2P";observed_grouped_not_active
2024;T;57;sante_invalidite_inaptitude;9;data/sources/drees/62 EACR diffusée Part 2 - version du 26 mai 2026.xlsx;H-Conditions_liq;124720;"CNAV;0015;Flux;Taux=Ensemble;hors totaux;hors mico/C2P";observed_grouped_not_active
2024;T;58;autres;284;data/sources/drees/62 EACR diffusée Part 2 - version du 26 mai 2026.xlsx;H-Conditions_liq;124764;"CNAV;0015;Flux;Taux=Ensemble;hors totaux;hors mico/C2P";observed_grouped_not_active
2024;T;58;carriere_longue;28;data/sources/drees/62 EACR diffusée Part 2 - version du 26 mai 2026.xlsx;H-Conditions_liq;124743;"CNAV;0015;Flux;Taux=Ensemble;hors totaux;hors mico/C2P";observed_grouped_not_active
2024;T;58;sante_invalidite_inaptitude;12;data/sources/drees/62 EACR diffusée Part 2 - version du 26 mai 2026.xlsx;H-Conditions_liq;124721;"CNAV;0015;Flux;Taux=Ensemble;hors totaux;hors mico/C2P";observed_grouped_not_active
2024;T;59;autres;401;data/sources/drees/62 EACR diffusée Part 2 - version du 26 mai 2026.xlsx;H-Conditions_liq;124765|124783;"CNAV;0015;Flux;Taux=Ensemble;hors totaux;hors mico/C2P";observed_grouped_not_active
2024;T;59;carriere_longue;139;data/sources/drees/62 EACR diffusée Part 2 - version du 26 mai 2026.xlsx;H-Conditions_liq;124744;"CNAV;0015;Flux;Taux=Ensemble;hors totaux;hors mico/C2P";observed_grouped_not_active
2024;T;59;sante_invalidite_inaptitude;21;data/sources/drees/62 EACR diffusée Part 2 - version du 26 mai 2026.xlsx;H-Conditions_liq;124722;"CNAV;0015;Flux;Taux=Ensemble;hors totaux;hors mico/C2P";observed_grouped_not_active
2024;T;60;autres;569;data/sources/drees/62 EACR diffusée Part 2 - version du 26 mai 2026.xlsx;H-Conditions_liq;124766;"CNAV;0015;Flux;Taux=Ensemble;hors totaux;hors mico/C2P";observed_grouped_not_active
2024;T;60;carriere_longue;32232;data/sources/drees/62 EACR diffusée Part 2 - version du 26 mai 2026.xlsx;H-Conditions_liq;124745;"CNAV;0015;Flux;Taux=Ensemble;hors totaux;hors mico/C2P";observed_grouped_not_active
2024;T;60;droit_commun;8;data/sources/drees/62 EACR diffusée Part 2 - version du 26 mai 2026.xlsx;H-Conditions_liq;124825;"CNAV;0015;Flux;Taux=Ensemble;hors totaux;hors mico/C2P";observed_grouped_not_active
2024;T;60;sante_invalidite_inaptitude;2554;data/sources/drees/62 EACR diffusée Part 2 - version du 26 mai 2026.xlsx;H-Conditions_liq;124595|124621|124723;"CNAV;0015;Flux;Taux=Ensemble;hors totaux;hors mico/C2P";observed_grouped_not_active
2024;T;61;autres;415;data/sources/drees/62 EACR diffusée Part 2 - version du 26 mai 2026.xlsx;H-Conditions_liq;124767|124784;"CNAV;0015;Flux;Taux=Ensemble;hors totaux;hors mico/C2P";observed_grouped_not_active
2024;T;61;carriere_longue;49576;data/sources/drees/62 EACR diffusée Part 2 - version du 26 mai 2026.xlsx;H-Conditions_liq;124746;"CNAV;0015;Flux;Taux=Ensemble;hors totaux;hors mico/C2P";observed_grouped_not_active
2024;T;61;droit_commun;9777;data/sources/drees/62 EACR diffusée Part 2 - version du 26 mai 2026.xlsx;H-Conditions_liq;124826;"CNAV;0015;Flux;Taux=Ensemble;hors totaux;hors mico/C2P";observed_grouped_not_active
2024;T;61;sante_invalidite_inaptitude;2246;data/sources/drees/62 EACR diffusée Part 2 - version du 26 mai 2026.xlsx;H-Conditions_liq;124596|124622|124650|124724;"CNAV;0015;Flux;Taux=Ensemble;hors totaux;hors mico/C2P";observed_grouped_not_active
2024;T;62;autres;466;data/sources/drees/62 EACR diffusée Part 2 - version du 26 mai 2026.xlsx;H-Conditions_liq;124768|124785;"CNAV;0015;Flux;Taux=Ensemble;hors totaux;hors mico/C2P";observed_grouped_not_active
2024;T;62;carriere_longue;29393;data/sources/drees/62 EACR diffusée Part 2 - version du 26 mai 2026.xlsx;H-Conditions_liq;124747;"CNAV;0015;Flux;Taux=Ensemble;hors totaux;hors mico/C2P";observed_grouped_not_active
2024;T;62;droit_commun;64096;data/sources/drees/62 EACR diffusée Part 2 - version du 26 mai 2026.xlsx;H-Conditions_liq;124827;"CNAV;0015;Flux;Taux=Ensemble;hors totaux;hors mico/C2P";observed_grouped_not_active
2024;T;62;sante_invalidite_inaptitude;90917;data/sources/drees/62 EACR diffusée Part 2 - version du 26 mai 2026.xlsx;H-Conditions_liq;124597|124623|124651|124680|124725;"CNAV;0015;Flux;Taux=Ensemble;hors totaux;hors mico/C2P";observed_grouped_not_active
2024;T;63;autres;221;data/sources/drees/62 EACR diffusée Part 2 - version du 26 mai 2026.xlsx;H-Conditions_liq;124769|124786;"CNAV;0015;Flux;Taux=Ensemble;hors totaux;hors mico/C2P";observed_grouped_not_active
2024;T;63;carriere_longue;1728;data/sources/drees/62 EACR diffusée Part 2 - version du 26 mai 2026.xlsx;H-Conditions_liq;124748;"CNAV;0015;Flux;Taux=Ensemble;hors totaux;hors mico/C2P";observed_grouped_not_active
2024;T;63;droit_commun;110112;data/sources/drees/62 EACR diffusée Part 2 - version du 26 mai 2026.xlsx;H-Conditions_liq;124828;"CNAV;0015;Flux;Taux=Ensemble;hors totaux;hors mico/C2P";observed_grouped_not_active
2024;T;63;sante_invalidite_inaptitude;16841;data/sources/drees/62 EACR diffusée Part 2 - version du 26 mai 2026.xlsx;H-Conditions_liq;124598|124624|124652|124681|124726;"CNAV;0015;Flux;Taux=Ensemble;hors totaux;hors mico/C2P";observed_grouped_not_active
2024;T;64;autres;89;data/sources/drees/62 EACR diffusée Part 2 - version du 26 mai 2026.xlsx;H-Conditions_liq;124787;"CNAV;0015;Flux;Taux=Ensemble;hors totaux;hors mico/C2P";observed_grouped_not_active
2024;T;64;droit_commun;46606;data/sources/drees/62 EACR diffusée Part 2 - version du 26 mai 2026.xlsx;H-Conditions_liq;124829;"CNAV;0015;Flux;Taux=Ensemble;hors totaux;hors mico/C2P";observed_grouped_not_active
2024;T;64;sante_invalidite_inaptitude;4673;data/sources/drees/62 EACR diffusée Part 2 - version du 26 mai 2026.xlsx;H-Conditions_liq;124599|124625|124653|124682|124727;"CNAV;0015;Flux;Taux=Ensemble;hors totaux;hors mico/C2P";observed_grouped_not_active
2024;T;65;autres;192;data/sources/drees/62 EACR diffusée Part 2 - version du 26 mai 2026.xlsx;H-Conditions_liq;124770|124788;"CNAV;0015;Flux;Taux=Ensemble;hors totaux;hors mico/C2P";observed_grouped_not_active
2024;T;65;droit_commun;42375;data/sources/drees/62 EACR diffusée Part 2 - version du 26 mai 2026.xlsx;H-Conditions_liq;124830;"CNAV;0015;Flux;Taux=Ensemble;hors totaux;hors mico/C2P";observed_grouped_not_active
2024;T;65;sante_invalidite_inaptitude;4170;data/sources/drees/62 EACR diffusée Part 2 - version du 26 mai 2026.xlsx;H-Conditions_liq;124600|124626|124654|124683|124728;"CNAV;0015;Flux;Taux=Ensemble;hors totaux;hors mico/C2P";observed_grouped_not_active
2024;T;66;autres;115;data/sources/drees/62 EACR diffusée Part 2 - version du 26 mai 2026.xlsx;H-Conditions_liq;124789;"CNAV;0015;Flux;Taux=Ensemble;hors totaux;hors mico/C2P";observed_grouped_not_active
2024;T;66;droit_commun;26694;data/sources/drees/62 EACR diffusée Part 2 - version du 26 mai 2026.xlsx;H-Conditions_liq;124831;"CNAV;0015;Flux;Taux=Ensemble;hors totaux;hors mico/C2P";observed_grouped_not_active
2024;T;66;sante_invalidite_inaptitude;2433;data/sources/drees/62 EACR diffusée Part 2 - version du 26 mai 2026.xlsx;H-Conditions_liq;124601|124627|124655|124684|124729;"CNAV;0015;Flux;Taux=Ensemble;hors totaux;hors mico/C2P";observed_grouped_not_active
2024;T;67;autres;48;data/sources/drees/62 EACR diffusée Part 2 - version du 26 mai 2026.xlsx;H-Conditions_liq;124790;"CNAV;0015;Flux;Taux=Ensemble;hors totaux;hors mico/C2P";observed_grouped_not_active
2024;T;67;droit_commun;59318;data/sources/drees/62 EACR diffusée Part 2 - version du 26 mai 2026.xlsx;H-Conditions_liq;124832;"CNAV;0015;Flux;Taux=Ensemble;hors totaux;hors mico/C2P";observed_grouped_not_active
2024;T;67;sante_invalidite_inaptitude;1164;data/sources/drees/62 EACR diffusée Part 2 - version du 26 mai 2026.xlsx;H-Conditions_liq;124602|124628|124656|124685|124730;"CNAV;0015;Flux;Taux=Ensemble;hors totaux;hors mico/C2P";observed_grouped_not_active
2024;T;68;droit_commun;20228;data/sources/drees/62 EACR diffusée Part 2 - version du 26 mai 2026.xlsx;H-Conditions_liq;124833;"CNAV;0015;Flux;Taux=Ensemble;hors totaux;hors mico/C2P";observed_grouped_not_active
2024;T;68;sante_invalidite_inaptitude;122;data/sources/drees/62 EACR diffusée Part 2 - version du 26 mai 2026.xlsx;H-Conditions_liq;124657|124686|124731;"CNAV;0015;Flux;Taux=Ensemble;hors totaux;hors mico/C2P";observed_grouped_not_active
2024;T;69;droit_commun;6944;data/sources/drees/62 EACR diffusée Part 2 - version du 26 mai 2026.xlsx;H-Conditions_liq;124834;"CNAV;0015;Flux;Taux=Ensemble;hors totaux;hors mico/C2P";observed_grouped_not_active
2024;T;69;sante_invalidite_inaptitude;25;data/sources/drees/62 EACR diffusée Part 2 - version du 26 mai 2026.xlsx;H-Conditions_liq;124603|124658|124687|124732;"CNAV;0015;Flux;Taux=Ensemble;hors totaux;hors mico/C2P";observed_grouped_not_active
2024;T;70;droit_commun;4821;data/sources/drees/62 EACR diffusée Part 2 - version du 26 mai 2026.xlsx;H-Conditions_liq;124835;"CNAV;0015;Flux;Taux=Ensemble;hors totaux;hors mico/C2P";observed_grouped_not_active
2024;T;70;sante_invalidite_inaptitude;11;data/sources/drees/62 EACR diffusée Part 2 - version du 26 mai 2026.xlsx;H-Conditions_liq;124659|124733;"CNAV;0015;Flux;Taux=Ensemble;hors totaux;hors mico/C2P";observed_grouped_not_active
2024;T;>70;droit_commun;15557;data/sources/drees/62 EACR diffusée Part 2 - version du 26 mai 2026.xlsx;H-Conditions_liq;124836;"CNAV;0015;Flux;Taux=Ensemble;hors totaux;hors mico/C2P";observed_grouped_not_active
2024;T;>70;sante_invalidite_inaptitude;24;data/sources/drees/62 EACR diffusée Part 2 - version du 26 mai 2026.xlsx;H-Conditions_liq;124688|124734;"CNAV;0015;Flux;Taux=Ensemble;hors totaux;hors mico/C2P";observed_grouped_not_active
