year,annual_average_delayed_stock_date_filtered,annual_average_delayed_stock,reference_maturity_factor,annual_average_delayed_stock_transition_adjusted,legacy_vs_filtered_difference,hypothetical_double_filtered_stock,date_rule_status
2026,16043.247470540591,197331.94388764925,0.375,73999.47895786847,-57956.23148732788,6016.217801452722,diagnostic_not_validated_for_legal_effect
2027,186101.67065827086,231022.7635757845,0.375,86633.53634091919,99468.13431735167,69788.12649685158,diagnostic_not_validated_for_legal_effect
2028,178080.04692300057,178080.04692300057,0.5,89040.02346150028,89040.02346150028,89040.02346150028,diagnostic_not_validated_for_legal_effect
2029,173267.07268183838,173267.07268183838,0.625,108291.920426149,64975.15225568939,108291.920426149,diagnostic_not_validated_for_legal_effect
2030,187705.99540532494,187705.99540532494,0.7083333333333334,132958.41341210518,54747.58199321976,132958.41341210518,diagnostic_not_validated_for_legal_effect
2031,187705.99540532494,187705.99540532494,0.7916666666666666,148600.57969588225,39105.41570944269,148600.57969588225,diagnostic_not_validated_for_legal_effect
2032,187705.99540532494,187705.99540532494,0.875,164242.74597965932,23463.24942566562,164242.74597965932,diagnostic_not_validated_for_legal_effect
2033,182893.02116416275,182893.02116416275,1.0,182893.02116416275,0.0,182893.02116416275,diagnostic_not_validated_for_legal_effect
2034,231022.7635757845,231022.7635757845,1.0,231022.7635757845,0.0,231022.7635757845,diagnostic_not_validated_for_legal_effect
2035,231022.7635757845,231022.7635757845,1.0,231022.7635757845,0.0,231022.7635757845,diagnostic_not_validated_for_legal_effect
2036,231022.7635757845,231022.7635757845,1.0,231022.7635757845,0.0,231022.7635757845,diagnostic_not_validated_for_legal_effect
2037,231022.7635757845,231022.7635757845,1.0,231022.7635757845,0.0,231022.7635757845,diagnostic_not_validated_for_legal_effect
2038,231022.7635757845,231022.7635757845,1.0,231022.7635757845,0.0,231022.7635757845,diagnostic_not_validated_for_legal_effect
2039,231022.7635757845,231022.7635757845,1.0,231022.7635757845,0.0,231022.7635757845,diagnostic_not_validated_for_legal_effect
2040,231022.7635757845,231022.7635757845,1.0,231022.7635757845,0.0,231022.7635757845,diagnostic_not_validated_for_legal_effect
2041,231022.7635757845,231022.7635757845,1.0,231022.7635757845,0.0,231022.7635757845,diagnostic_not_validated_for_legal_effect
2042,231022.7635757845,231022.7635757845,1.0,231022.7635757845,0.0,231022.7635757845,diagnostic_not_validated_for_legal_effect
2043,231022.7635757845,231022.7635757845,1.0,231022.7635757845,0.0,231022.7635757845,diagnostic_not_validated_for_legal_effect
2044,231022.7635757845,231022.7635757845,1.0,231022.7635757845,0.0,231022.7635757845,diagnostic_not_validated_for_legal_effect
2045,231022.7635757845,231022.7635757845,1.0,231022.7635757845,0.0,231022.7635757845,diagnostic_not_validated_for_legal_effect
2046,231022.7635757845,231022.7635757845,1.0,231022.7635757845,0.0,231022.7635757845,diagnostic_not_validated_for_legal_effect
2047,231022.7635757845,231022.7635757845,1.0,231022.7635757845,0.0,231022.7635757845,diagnostic_not_validated_for_legal_effect
2048,231022.7635757845,231022.7635757845,1.0,231022.7635757845,0.0,231022.7635757845,diagnostic_not_validated_for_legal_effect
2049,231022.7635757845,231022.7635757845,1.0,231022.7635757845,0.0,231022.7635757845,diagnostic_not_validated_for_legal_effect
2050,231022.7635757845,231022.7635757845,1.0,231022.7635757845,0.0,231022.7635757845,diagnostic_not_validated_for_legal_effect
2051,231022.7635757845,231022.7635757845,1.0,231022.7635757845,0.0,231022.7635757845,diagnostic_not_validated_for_legal_effect
2052,231022.7635757845,231022.7635757845,1.0,231022.7635757845,0.0,231022.7635757845,diagnostic_not_validated_for_legal_effect
2053,231022.7635757845,231022.7635757845,1.0,231022.7635757845,0.0,231022.7635757845,diagnostic_not_validated_for_legal_effect
2054,231022.7635757845,231022.7635757845,1.0,231022.7635757845,0.0,231022.7635757845,diagnostic_not_validated_for_legal_effect
2055,231022.7635757845,231022.7635757845,1.0,231022.7635757845,0.0,231022.7635757845,diagnostic_not_validated_for_legal_effect
2056,231022.7635757845,231022.7635757845,1.0,231022.7635757845,0.0,231022.7635757845,diagnostic_not_validated_for_legal_effect
2057,231022.7635757845,231022.7635757845,1.0,231022.7635757845,0.0,231022.7635757845,diagnostic_not_validated_for_legal_effect
2058,231022.7635757845,231022.7635757845,1.0,231022.7635757845,0.0,231022.7635757845,diagnostic_not_validated_for_legal_effect
2059,231022.7635757845,231022.7635757845,1.0,231022.7635757845,0.0,231022.7635757845,diagnostic_not_validated_for_legal_effect
2060,231022.7635757845,231022.7635757845,1.0,231022.7635757845,0.0,231022.7635757845,diagnostic_not_validated_for_legal_effect
2061,231022.7635757845,231022.7635757845,1.0,231022.7635757845,0.0,231022.7635757845,diagnostic_not_validated_for_legal_effect
2062,231022.7635757845,231022.7635757845,1.0,231022.7635757845,0.0,231022.7635757845,diagnostic_not_validated_for_legal_effect
2063,231022.7635757845,231022.7635757845,1.0,231022.7635757845,0.0,231022.7635757845,diagnostic_not_validated_for_legal_effect
2064,231022.7635757845,231022.7635757845,1.0,231022.7635757845,0.0,231022.7635757845,diagnostic_not_validated_for_legal_effect
2065,231022.7635757845,231022.7635757845,1.0,231022.7635757845,0.0,231022.7635757845,diagnostic_not_validated_for_legal_effect
2066,231022.7635757845,231022.7635757845,1.0,231022.7635757845,0.0,231022.7635757845,diagnostic_not_validated_for_legal_effect
2067,231022.7635757845,231022.7635757845,1.0,231022.7635757845,0.0,231022.7635757845,diagnostic_not_validated_for_legal_effect
2068,231022.7635757845,231022.7635757845,1.0,231022.7635757845,0.0,231022.7635757845,diagnostic_not_validated_for_legal_effect
2069,231022.7635757845,231022.7635757845,1.0,231022.7635757845,0.0,231022.7635757845,diagnostic_not_validated_for_legal_effect
2070,231022.7635757845,231022.7635757845,1.0,231022.7635757845,0.0,231022.7635757845,diagnostic_not_validated_for_legal_effect
