sex,age_numeric,group_code,observed_effectifs,independent_effectifs,ecart_observe_moins_independance
F,55.0,autres,57.0,0.23868213402426097,56.76131786597574
F,55.0,carriere_longue,0.0,6.077882463785184,-6.077882463785184
F,55.0,droit_commun,0.0,40.81898775173713,-40.81898775173713
F,55.0,sante_invalidite_inaptitude,2.0,11.864447650453421,-9.864447650453421
F,56.0,autres,87.0,0.37218231068189844,86.6278176893181
F,56.0,carriere_longue,0.0,9.477376045224355,-9.477376045224355
F,56.0,droit_commun,0.0,63.64994700270875,-63.64994700270875
F,56.0,sante_invalidite_inaptitude,5.0,18.500494641384996,-13.500494641384996
F,57.0,autres,90.0,0.38027323047933104,89.61972676952067
F,57.0,carriere_longue,0.0,9.68340595925097,-9.68340595925097
F,57.0,droit_commun,0.0,65.03364150276764,-65.03364150276764
F,57.0,sante_invalidite_inaptitude,4.0,18.90267930750206,-14.902679307502058
F,58.0,autres,100.0,0.4409551289600753,99.55904487103993
F,58.0,carriere_longue,4.0,11.228630314450594,-7.228630314450594
F,58.0,droit_commun,0.0,75.41135025320928,-75.41135025320928
F,58.0,sante_invalidite_inaptitude,5.0,21.919064303380047,-16.919064303380047
F,59.0,autres,143.0,0.6917736426804851,142.3082263573195
F,59.0,carriere_longue,22.0,17.615557649275704,4.384442350724296
F,59.0,droit_commun,0.0,118.30587975503474,-118.30587975503474
F,59.0,sante_invalidite_inaptitude,6.0,34.38678895300907,-28.386788953009066
F,60.0,autres,184.0,30.765722529737367,153.23427747026264
F,60.0,carriere_longue,6669.0,783.4287480862089,5885.5712519137915
F,60.0,droit_commun,5.0,5261.498336473914,-5256.498336473914
F,60.0,sante_invalidite_inaptitude,747.0,1529.30719291014,-782.30719291014
F,61.0,autres,138.0,97.35399246260747,40.646007537392535
F,61.0,carriere_longue,16273.0,2479.054940525262,13793.945059474738
F,61.0,droit_commun,6879.0,16649.304071958544,-9770.304071958544
F,61.0,sante_invalidite_inaptitude,775.0,4839.286995053586,-4064.286995053586
F,62.0,autres,215.0,422.4916499823342,-207.4916499823342
F,62.0,carriere_longue,11372.0,10758.470050641856,613.5299493581442
F,62.0,droit_commun,42176.0,72253.7594040749,-30077.759404074895
F,62.0,sante_invalidite_inaptitude,50673.0,21001.278895300904,29671.721104699096
F,63.0,autres,110.0,304.9346307855376,-194.9346307855376
F,63.0,carriere_longue,648.0,7764.958414792132,-7116.958414792132
F,63.0,droit_commun,65162.0,52149.37016546932,13012.629834530679
F,63.0,sante_invalidite_inaptitude,9457.0,15157.736788953009,-5700.736788953009
F,64.0,autres,42.0,107.79127900129548,-65.79127900129548
F,64.0,carriere_longue,0.0,2744.8335296195974,-2744.8335296195974
F,64.0,droit_commun,24141.0,18434.269977034506,5706.730022965494
F,64.0,sante_invalidite_inaptitude,2462.0,5358.1052143445995,-2896.1052143445995
F,65.0,autres,111.0,95.70344482393122,15.296555176068779
F,65.0,carriere_longue,0.0,2437.0248380638322,-2437.0248380638322
F,65.0,droit_commun,21443.0,16367.03039394653,5075.96960605347
F,65.0,sante_invalidite_inaptitude,2103.0,4757.241323165705,-2654.2413231657047
F,66.0,autres,71.0,59.7109881050524,11.289011894947599
F,66.0,carriere_longue,0.0,1520.500765516429,-1520.500765516429
F,66.0,droit_commun,13435.0,10211.665410434578,3223.334589565422
F,66.0,sante_invalidite_inaptitude,1254.0,2968.1228359439406,-1714.1228359439406
F,67.0,autres,26.0,148.85674243316453,-122.85674243316453
F,67.0,carriere_longue,0.0,3790.5383582616887,-3790.5383582616887
F,67.0,droit_commun,36066.0,25457.211412083383,10608.788587916617
F,67.0,sante_invalidite_inaptitude,704.0,7399.393487221764,-6695.393487221764
F,68.0,autres,0.0,44.419149687904834,-44.419149687904834
F,68.0,carriere_longue,0.0,1131.104228006124,-1131.104228006124
F,68.0,droit_commun,10913.0,7596.482805323283,3316.517194676717
F,68.0,sante_invalidite_inaptitude,67.0,2207.9938169826873,-2140.9938169826873
F,69.0,autres,0.0,13.855700153103285,-13.855700153103285
F,69.0,carriere_longue,0.0,352.8262277705806,-352.8262277705806
F,69.0,droit_commun,3411.0,2369.576831350842,1041.423168649158
F,69.0,sante_invalidite_inaptitude,14.0,688.741240725474,-674.741240725474
F,70.0,autres,0.0,9.247921328465432,-9.247921328465432
F,70.0,carriere_longue,0.0,235.49219173242255,-235.49219173242255
F,70.0,droit_commun,2281.0,1581.5628135673064,699.4371864326936
F,70.0,sante_invalidite_inaptitude,5.0,459.6970733718054,-454.6970733718054
H,55.0,autres,119.0,0.8482990288494554,118.15170097115055
H,55.0,carriere_longue,0.0,31.627179257934735,-31.627179257934735
H,55.0,droit_commun,0.0,69.46617493667114,-69.46617493667114
H,55.0,sante_invalidite_inaptitude,6.0,23.058346776544674,-17.058346776544674
H,56.0,autres,148.0,1.0722499724657117,146.9277500275343
H,56.0,carriere_longue,0.0,39.97675458202951,-39.97675458202951
H,56.0,droit_commun,0.0,87.80524511995232,-87.80524511995232
H,56.0,sante_invalidite_inaptitude,10.0,29.145750325552466,-19.145750325552466
H,57.0,autres,168.0,1.1740458559276463,166.82595414407234
H,57.0,carriere_longue,0.0,43.77201609298167,-43.77201609298167
H,57.0,droit_commun,0.0,96.14118611235286,-96.14118611235286
H,57.0,sante_invalidite_inaptitude,5.0,31.912751938737827,-26.912751938737827
H,58.0,autres,184.0,1.4590743296210633,182.54092567037893
H,58.0,carriere_longue,24.0,54.398748323647744,-30.398748323647744
H,58.0,droit_commun,0.0,119.48182089107435,-119.48182089107435
H,58.0,sante_invalidite_inaptitude,7.0,39.66035645565684,-32.66035645565684
H,59.0,autres,258.0,2.646692970010301,255.3533070299897
H,59.0,carriere_longue,117.0,98.67679928475637,18.32320071524363
H,59.0,droit_commun,0.0,216.73446580241395,-216.73446580241395
H,59.0,sante_invalidite_inaptitude,15.0,71.94204194281937,-56.94204194281937
H,60.0,autres,385.0,188.37667554242546,196.62332445757454
H,60.0,carriere_longue,25563.0,7023.257934734019,18539.742065265982
H,60.0,droit_commun,3.0,15425.936671136938,-15422.936671136938
H,60.0,sante_invalidite_inaptitude,1807.0,5120.428718586616,-3313.428718586616
H,61.0,autres,277.0,257.53679876646385,19.463201233536154
H,61.0,carriere_longue,33303.0,9601.758605274921,23701.24139472508
H,61.0,droit_commun,2898.0,21089.374981373865,-18191.374981373865
H,61.0,sante_invalidite_inaptitude,1471.0,7000.32961458475,-5529.32961458475
H,62.0,autres,251.0,545.8702454762783,-294.87024547627834
H,62.0,carriere_longue,18021.0,20351.710326329907,-2330.710326329907
H,62.0,droit_commun,21920.0,44700.64997764864,-22780.649977648638
H,62.0,sante_invalidite_inaptitude,40244.0,14837.769450545178,25406.23054945482
H,63.0,autres,111.0,363.24164415333684,-252.24164415333684
H,63.0,carriere_longue,1080.0,13542.758158247654,-12462.758158247654
H,63.0,droit_commun,44950.0,29745.416107882582,15204.583892117418
H,63.0,sante_invalidite_inaptitude,7384.0,9873.584089716429,-2489.584089716429
H,64.0,autres,47.0,167.7799751219607,-120.77997512196069
H,64.0,carriere_longue,0.0,6255.350022351364,-6255.350022351364
H,64.0,droit_commun,22465.0,13739.297943674565,8725.702056325435
H,64.0,sante_invalidite_inaptitude,2211.0,4560.572058852112,-2349.5720588521117
H,65.0,autres,81.0,156.62993268676345,-75.62993268676345
H,65.0,carriere_longue,0.0,5839.642378185069,-5839.642378185069
H,65.0,droit_commun,20932.0,12826.234540306958,8105.765459693042
H,65.0,sante_invalidite_inaptitude,2067.0,4257.493148821209,-2190.4931488212087
H,66.0,autres,44.0,98.28053228638251,-54.28053228638251
H,66.0,carriere_longue,0.0,3664.1984801072867,-3664.1984801072867
H,66.0,droit_commun,13259.0,8048.073163462971,5210.926836537029
H,66.0,sante_invalidite_inaptitude,1179.0,2671.4478241433594,-1492.4478241433594
H,67.0,autres,22.0,161.0682332057038,-139.0682332057038
H,67.0,carriere_longue,0.0,6005.115780062584,-6005.115780062584
H,67.0,droit_commun,23252.0,13189.681567575622,10062.318432424378
H,67.0,sante_invalidite_inaptitude,460.0,4378.13441915609,-3918.13441915609
H,68.0,autres,0.0,63.58849520255518,-63.58849520255518
H,68.0,carriere_longue,0.0,2370.7733571747876,-2370.7733571747876
H,68.0,droit_commun,9315.0,5207.184473252868,4107.815526747132
H,68.0,sante_invalidite_inaptitude,55.0,1728.4536743697886,-1673.4536743697886
H,69.0,autres,0.0,24.050974065939762,-24.050974065939762
H,69.0,carriere_longue,0.0,896.6937863209656,-896.6937863209656
H,69.0,droit_commun,3533.0,1969.5049918045,1563.4950081955
H,69.0,sante_invalidite_inaptitude,11.0,653.7502478085945,-642.7502478085945
H,70.0,autres,0.0,17.278154619605708,-17.278154619605708
H,70.0,carriere_longue,0.0,644.1823871256147,-644.1823871256147
H,70.0,droit_commun,2540.0,1414.8870511101177,1125.1129488898823
H,70.0,sante_invalidite_inaptitude,6.0,469.6524071446619,-463.6524071446619
