controle;table;variable;statut;valeurs_comparees;ecarts;ecart_max;fichier_source;feuille;transformation;note
MP_DEMOGRAPHIE;demography.parquet;toutes les colonnes;CONFORME;31648;0;0.0;data/MASTER_DATA_RETRAITES_V1.xlsx;DEMOGRAPHIE;identite;"Valeurs comparees en ordre identique; types physiques non imposes; NaN controles."
MP_EV65;life_expectancy_65.parquet;toutes les colonnes;CONFORME;414;0;0.0;data/MASTER_DATA_RETRAITES_V1.xlsx;EV65;identite;"Valeurs comparees en ordre identique; types physiques non imposes; NaN controles."
MP_ACTIVITE_SENIORS;activity_rates.parquet;toutes les colonnes;CONFORME;2070;0;0.0;data/MASTER_DATA_RETRAITES_V1.xlsx;ACTIVITE_SENIORS;identite;"Valeurs comparees en ordre identique; types physiques non imposes; NaN controles."
MP_TRAVAIL_2025;labour_status_rates.parquet;toutes les colonnes;CONFORME;330;0;0.0;data/MASTER_DATA_RETRAITES_V1.xlsx;TRAVAIL_2025;identite;"Valeurs comparees en ordre identique; types physiques non imposes; NaN controles."
MP_COR_RETRAITE;retirement_baseline.parquet;toutes les colonnes;CONFORME;414;0;0.0;data/MASTER_DATA_RETRAITES_V1.xlsx;COR_RETRAITE;identite;"Valeurs comparees en ordre identique; types physiques non imposes; NaN controles."
MP_COR_MACRO;macro_baseline.parquet;toutes les colonnes;CONFORME;552;0;0.0;data/MASTER_DATA_RETRAITES_V1.xlsx;COR_MACRO;identite;"Valeurs comparees en ordre identique; types physiques non imposes; NaN controles."
MP_COR_SENSI_CHOM;retirement_sensitivity_unemployment.parquet;toutes les colonnes;CONFORME;322;0;0.0;data/MASTER_DATA_RETRAITES_V1.xlsx;COR_SENSI_CHOM;identite;"Valeurs comparees en ordre identique; types physiques non imposes; NaN controles."
MP_COR_SENSI_PROD;retirement_sensitivity_productivity.parquet;toutes les colonnes;CONFORME;322;0;0.0;data/MASTER_DATA_RETRAITES_V1.xlsx;COR_SENSI_PROD;identite;"Valeurs comparees en ordre identique; types physiques non imposes; NaN controles."
MP_LEGAL_AOD_DAR;legal_aod_dar.parquet;toutes les colonnes;CONFORME;4896;0;0.0;data/MASTER_DATA_RETRAITES_V1.xlsx;LEGAL_AOD_DAR;identite;"Valeurs comparees en ordre identique; types physiques non imposes; NaN controles."
MP_LEGAL_RACL20;legal_racl20.parquet;toutes les colonnes;CONFORME;3408;0;0.0;data/MASTER_DATA_RETRAITES_V1.xlsx;LEGAL_RACL20;identite;"Valeurs comparees en ordre identique; types physiques non imposes; NaN controles."
MP_CNAV_LIQ_AGE;liquidation_age_counts.parquet;toutes les colonnes;CONFORME;255;0;0.0;data/MASTER_DATA_RETRAITES_V1.xlsx;CNAV_LIQ_AGE;identite;"Valeurs comparees en ordre identique; types physiques non imposes; NaN controles."
MP_CNAV_LIQ_GROUP;liquidation_groups.parquet;toutes les colonnes;CONFORME;84;0;0.0;data/MASTER_DATA_RETRAITES_V1.xlsx;CNAV_LIQ_GROUP;identite;"Valeurs comparees en ordre identique; types physiques non imposes; NaN controles."
MP_BENCH_COR_AOD1;institutional_benchmarks.parquet;toutes les colonnes;CONFORME;54;0;0.0;data/MASTER_DATA_RETRAITES_V1.xlsx;BENCH_COR_AOD1;identite;"Valeurs comparees en ordre identique; types physiques non imposes; NaN controles."
SRC_DEMOG_F;demography.parquet;population;CONFORME;3956;0;0.0;data/sources/insee/00_central.xlsx;populationF;identite;"Controle du perimetre present seulement; les 0-14 et 101+ ans ne figurent pas dans le MASTER."
SRC_DEMOG_H;demography.parquet;population;CONFORME;3956;0;0.0;data/sources/insee/00_central.xlsx;populationH;identite;"Controle du perimetre present seulement; les 0-14 et 101+ ans ne figurent pas dans le MASTER."
SRC_EV65_F;life_expectancy_65.parquet;life_expectancy_65;CONFORME;46;0;0.0;data/sources/insee/00_central.xlsx;hyp_mortaliteF;identite;"Esperance de vie de periode; pas esperance de vie par generation observee."
SRC_EV65_H;life_expectancy_65.parquet;life_expectancy_65;CONFORME;46;0;0.0;data/sources/insee/00_central.xlsx;hyp_mortaliteH;identite;"Esperance de vie de periode; pas esperance de vie par generation observee."
DER_EV65_T;life_expectancy_65.parquet;life_expectancy_65;CONFORME;46;0;0.0;data/sources/insee/00_central.xlsx;"populationF/H; hyp_mortaliteF/H";moyenne ponderee par population a 65 ans;
SRC_COR_MACRO_productivity_growth_high;macro_baseline.parquet;productivity_growth_high;CONFORME;46;0;0.0;data/sources/cor/Données_RA2026_P1.xlsx;Fig 1.10;identite;"La concordance de copie ne vaut pas validation des metadonnees; valeurs sources manquantes conservees."
SRC_COR_MACRO_productivity_growth_ref;macro_baseline.parquet;productivity_growth_ref;CONFORME;46;0;0.0;data/sources/cor/Données_RA2026_P1.xlsx;Fig 1.10;identite;"La concordance de copie ne vaut pas validation des metadonnees; valeurs sources manquantes conservees."
SRC_COR_MACRO_productivity_growth_low;macro_baseline.parquet;productivity_growth_low;CONFORME;46;0;0.0;data/sources/cor/Données_RA2026_P1.xlsx;Fig 1.10;identite;"La concordance de copie ne vaut pas validation des metadonnees; valeurs sources manquantes conservees."
SRC_COR_MACRO_unemployment_rate_ref;macro_baseline.parquet;unemployment_rate_ref;CONFORME;46;0;0.0;data/sources/cor/Données_RA2026_P1.xlsx;Fig 1.11;identite;"La concordance de copie ne vaut pas validation des metadonnees; valeurs sources manquantes conservees."
SRC_COR_MACRO_unemployment_rate_low;macro_baseline.parquet;unemployment_rate_low;CONFORME;46;0;0.0;data/sources/cor/Données_RA2026_P1.xlsx;Fig 1.11;identite;"La concordance de copie ne vaut pas validation des metadonnees; valeurs sources manquantes conservees."
SRC_COR_MACRO_unemployment_rate_high;macro_baseline.parquet;unemployment_rate_high;CONFORME;46;0;0.0;data/sources/cor/Données_RA2026_P1.xlsx;Fig 1.11;identite;"La concordance de copie ne vaut pas validation des metadonnees; valeurs sources manquantes conservees."
SRC_COR_MACRO_employment_rate_ref;macro_baseline.parquet;employment_rate_ref;CONFORME;46;0;0.0;data/sources/cor/Données_RA2026_P1.xlsx;Fig 1.12;identite;"La concordance de copie ne vaut pas validation des metadonnees; valeurs sources manquantes conservees."
SRC_COR_MACRO_employment_rate_u5;macro_baseline.parquet;employment_rate_u5;CONFORME;46;0;0.0;data/sources/cor/Données_RA2026_P1.xlsx;Fig 1.12;identite;"La concordance de copie ne vaut pas validation des metadonnees; valeurs sources manquantes conservees."
SRC_COR_MACRO_employment_rate_u10;macro_baseline.parquet;employment_rate_u10;CONFORME;46;0;0.0;data/sources/cor/Données_RA2026_P1.xlsx;Fig 1.12;identite;"La concordance de copie ne vaut pas validation des metadonnees; valeurs sources manquantes conservees."
SRC_COR_MACRO_active_population_growth_ref;macro_baseline.parquet;active_population_growth_ref;CONFORME;46;0;0.0;data/sources/cor/Données_RA2026_P1.xlsx;Fig 1.6;identite;"La concordance de copie ne vaut pas validation des metadonnees; valeurs sources manquantes conservees."
SRC_COR_MACRO_real_gdp_growth_raa;macro_baseline.parquet;real_gdp_growth_raa;CONFORME;46;0;0.0;data/sources/cor/Données_RA2026_P1.xlsx;Tab 1.1;identite;"La concordance de copie ne vaut pas validation des metadonnees; valeurs sources manquantes conservees."
SRC_COR_RETRAITE_pension_expenditure_pct_gdp;retirement_baseline.parquet;pension_expenditure_pct_gdp;CONFORME;46;0;0.0;data/sources/cor/Données_RA2026_P2.xlsx;Fig 2.2;identite;"La concordance de copie ne vaut pas validation des metadonnees; valeurs sources manquantes conservees."
SRC_COR_RETRAITE_pension_resources_pct_gdp;retirement_baseline.parquet;pension_resources_pct_gdp;CONFORME;46;0;0.0;data/sources/cor/Données_RA2026_P2.xlsx;Fig 2.8;identite;"La concordance de copie ne vaut pas validation des metadonnees; valeurs sources manquantes conservees."
SRC_COR_RETRAITE_pension_balance_pct_gdp;retirement_baseline.parquet;pension_balance_pct_gdp;CONFORME;46;0;0.0;data/sources/cor/Données_RA2026_P2.xlsx;Fig 2.14;identite;"La concordance de copie ne vaut pas validation des metadonnees; valeurs sources manquantes conservees."
SRC_COR_RETRAITE_pension_relative_to_labour_income;retirement_baseline.parquet;pension_relative_to_labour_income;CONFORME;46;0;0.0;data/sources/cor/Données_RA2026_P2.xlsx;Fig 2.3;identite;"La concordance de copie ne vaut pas validation des metadonnees; valeurs sources manquantes conservees."
SRC_COR_RETRAITE_contributors_per_retiree;retirement_baseline.parquet;contributors_per_retiree;CONFORME;46;0;0.0;data/sources/cor/Données_RA2026_P2.xlsx;Fig 2.3;identite;"La concordance de copie ne vaut pas validation des metadonnees; valeurs sources manquantes conservees."
SRC_COR_RETRAITE_average_net_pension_eur2023;retirement_baseline.parquet;average_net_pension_eur2023;CONFORME;46;0;0.0;data/sources/cor/Données_RA2026_P2.xlsx;Fig 2.4;identite;"La concordance de copie ne vaut pas validation des metadonnees; valeurs sources manquantes conservees."
SRC_COR_RETRAITE_average_net_contributor_income_eur2023;retirement_baseline.parquet;average_net_contributor_income_eur2023;CONFORME;46;0;0.0;data/sources/cor/Données_RA2026_P2.xlsx;Fig 2.4;identite;"La concordance de copie ne vaut pas validation des metadonnees; valeurs sources manquantes conservees."
SRC_COR_RETRAITE_retirement_age_conj;retirement_baseline.parquet;retirement_age_conj;CONFORME;46;0;0.0;data/sources/cor/Données_RA2026_P2.xlsx;Fig 2.5;identite;"La concordance de copie ne vaut pas validation des metadonnees; valeurs sources manquantes conservees."
SRC_COR_SENSI_CHOM_expenditure_ref;retirement_sensitivity_unemployment.parquet;expenditure_ref;CONFORME;46;0;0.0;data/sources/cor/Données_RA2026_P2.xlsx;Fig 2.21;identite;
SRC_COR_SENSI_CHOM_expenditure_u5;retirement_sensitivity_unemployment.parquet;expenditure_u5;CONFORME;46;0;0.0;data/sources/cor/Données_RA2026_P2.xlsx;Fig 2.21;identite;
SRC_COR_SENSI_CHOM_expenditure_u10;retirement_sensitivity_unemployment.parquet;expenditure_u10;CONFORME;46;0;0.0;data/sources/cor/Données_RA2026_P2.xlsx;Fig 2.21;identite;
SRC_COR_SENSI_CHOM_balance_ref;retirement_sensitivity_unemployment.parquet;balance_ref;CONFORME;46;0;0.0;data/sources/cor/Données_RA2026_P2.xlsx;Fig 2.21;identite;
SRC_COR_SENSI_CHOM_balance_u5;retirement_sensitivity_unemployment.parquet;balance_u5;CONFORME;46;0;0.0;data/sources/cor/Données_RA2026_P2.xlsx;Fig 2.21;identite;
SRC_COR_SENSI_CHOM_balance_u10;retirement_sensitivity_unemployment.parquet;balance_u10;CONFORME;46;0;0.0;data/sources/cor/Données_RA2026_P2.xlsx;Fig 2.21;identite;
SRC_COR_SENSI_PROD_expenditure_ref;retirement_sensitivity_productivity.parquet;expenditure_ref;CONFORME;46;0;0.0;data/sources/cor/Données_RA2026_P2.xlsx;Fig 2.22;identite;
SRC_COR_SENSI_PROD_expenditure_p04;retirement_sensitivity_productivity.parquet;expenditure_p04;CONFORME;46;0;0.0;data/sources/cor/Données_RA2026_P2.xlsx;Fig 2.22;identite;
SRC_COR_SENSI_PROD_expenditure_p10;retirement_sensitivity_productivity.parquet;expenditure_p10;CONFORME;46;0;0.0;data/sources/cor/Données_RA2026_P2.xlsx;Fig 2.22;identite;
SRC_COR_SENSI_PROD_balance_ref;retirement_sensitivity_productivity.parquet;balance_ref;CONFORME;46;0;0.0;data/sources/cor/Données_RA2026_P2.xlsx;Fig 2.22;identite;
SRC_COR_SENSI_PROD_balance_p04;retirement_sensitivity_productivity.parquet;balance_p04;CONFORME;46;0;0.0;data/sources/cor/Données_RA2026_P2.xlsx;Fig 2.22;identite;
SRC_COR_SENSI_PROD_balance_p10;retirement_sensitivity_productivity.parquet;balance_p10;CONFORME;46;0;0.0;data/sources/cor/Données_RA2026_P2.xlsx;Fig 2.22;identite;
SRC_ACTIVITY_ANCHORS;activity_rates.parquet;activity_rate_cor2026_anchor;CONFORME;18;0;0.0;data/sources/cor/Données_RA2026_P1.xlsx;Fig 1.8;pourcentage / 100;
SOURCE_ACTIVITY_MISSING;activity_rates.parquet;;PARTIEL;0;0;;ECRT2023-E2.xlsx;;;Les 414 taux activity_rate_insee2023 sont egaux au MASTER mais non confrontes a ECRT2023-E2.xlsx, absent du ZIP. Les 18 ancrages COR sont verifies.
SRC_WORK_active_population;labour_status_rates.parquet;active_population;CONFORME;30;0;0.0;data/sources/insee/EEC_PACT00.xlsx;PACT00;x 1000;
SRC_WORK_activity_rate;labour_status_rates.parquet;activity_rate;CONFORME;30;0;1.1102230246251565e-16;data/sources/insee/EEC_PACT00.xlsx;PACT00;x 0.01;
SRC_WORK_employed_population;labour_status_rates.parquet;employed_population;CONFORME;30;0;0.0;data/sources/insee/EEC_PEMP01.xlsx;PEMP01;x 1000;
SRC_WORK_employment_rate;labour_status_rates.parquet;employment_rate;CONFORME;30;0;1.1102230246251565e-16;data/sources/insee/EEC_PEMP01.xlsx;PEMP01;x 0.01;
DER_WORK_unemployed_population;labour_status_rates.parquet;unemployed_population;CONFORME;30;0;2.9103830456733704e-10;EEC_PACT00.xlsx + EEC_PEMP01.xlsx;PACT00 / PEMP01;(actifs - emplois) * 1000;
DER_WORK_unemployment_rate;labour_status_rates.parquet;unemployment_rate;CONFORME;30;0;9.71445146547012e-17;EEC_PACT00.xlsx + EEC_PEMP01.xlsx;PACT00 / PEMP01;(actifs - emplois) / actifs;
DER_WORK_unemployed_share_population;labour_status_rates.parquet;unemployed_share_population;CONFORME;30;0;8.326672684688674e-17;EEC_PACT00.xlsx + EEC_PEMP01.xlsx;PACT00 / PEMP01;(taux activite - taux emploi) / 100;
DER_WORK_inactive_share_population;labour_status_rates.parquet;inactive_share_population;CONFORME;30;0;0.0;EEC_PACT00.xlsx + EEC_PEMP01.xlsx;PACT00 / PEMP01;1 - taux activite / 100;
CHECK_CHOM01_unemployed_population;labour_status_rates.parquet;unemployed_population;CONFORME;30;0;100.0;data/sources/insee/EEC_CHOM01.xlsx;CHOM01;x 1000;"Controle avec tolerance d arrondi; effectifs publies en milliers a une decimale, tolerance 151 personnes (trois arrondis possibles de 50, plus marge numerique); taux publies a 0,1 point, tolerance 0,0501 point. Il ne s agit pas d une egalite exacte des sources arrondies."
CHECK_CHOM01_unemployment_rate;labour_status_rates.parquet;unemployment_rate;CONFORME;30;0;0.0004983415418635048;data/sources/insee/EEC_CHOM01.xlsx;CHOM01;x 0.01;"Controle avec tolerance d arrondi; effectifs publies en milliers a une decimale, tolerance 151 personnes (trois arrondis possibles de 50, plus marge numerique); taux publies a 0,1 point, tolerance 0,0501 point. Il ne s agit pas d une egalite exacte des sources arrondies."
SRC_LEGAL_AOD_DAR_aod_months;legal_aod_dar.parquet;aod_months;CONFORME;612;0;0.0;data/sources/cor/Données_RA2026_P1.xlsx;Tab 1.4;"expansion mensuelle; derniere regle prolongee aux generations suivantes";Concordance avec le tableau fourni, pas verification Legifrance de la date d effet. AAD=67 ans non present dans ces tableaux.
SRC_LEGAL_AOD_DAR_dar_quarters;legal_aod_dar.parquet;dar_quarters;CONFORME;612;0;0.0;data/sources/cor/Données_RA2026_P1.xlsx;Tab 1.4;"expansion mensuelle; derniere regle prolongee aux generations suivantes";Concordance avec le tableau fourni, pas verification Legifrance de la date d effet. AAD=67 ans non present dans ces tableaux.
SRC_LEGAL_RACL20_racl20_aod_months;legal_racl20.parquet;racl20_aod_months;CONFORME;568;0;0.0;data/sources/cor/Données_RA2026_P1.xlsx;Tab 1.5;"expansion mensuelle; derniere regle prolongee aux generations suivantes";Concordance avec le tableau fourni, pas verification Legifrance de la date d effet. AAD=67 ans non present dans ces tableaux.
SRC_LEGAL_RACL20_dar_quarters;legal_racl20.parquet;dar_quarters;CONFORME;568;0;0.0;data/sources/cor/Données_RA2026_P1.xlsx;Tab 1.5;"expansion mensuelle; derniere regle prolongee aux generations suivantes";Concordance avec le tableau fourni, pas verification Legifrance de la date d effet. AAD=67 ans non present dans ces tableaux.
SRC_BENCH_min_value;institutional_benchmarks.parquet;min_value;CONFORME;9;0;0.0;data/sources/cor/Données_RA2026_P2.xlsx;Tab 2.10;"lecture de bornes; unites source conservees";
SRC_BENCH_max_value;institutional_benchmarks.parquet;max_value;CONFORME;9;0;0.0;data/sources/cor/Données_RA2026_P2.xlsx;Tab 2.10;"lecture de bornes; unites source conservees";
SRC_CNAV_AGE;liquidation_age_counts.parquet;effectifs;CONFORME;51;0;0.0;data/sources/drees/62 EACR diffusée Part 1 - version du 26 mai 2026.xlsx;B-Liquidants;"Filtres : 2024, CNAV, CC=0015, Flux, Nb_trim=Ensemble, Type_depart=Ensemble; ages hors total";
SRC_CNAV_GROUP_effectifs;liquidation_groups.parquet;effectifs;CONFORME;12;0;0.0;data/sources/drees/62 EACR diffusée Part 2 - version du 26 mai 2026.xlsx;H-Conditions_liq;"regroupement de 9 motifs exclusifs; pension ponderee par effectifs";
SRC_CNAV_GROUP_share_total;liquidation_groups.parquet;share_total;CONFORME;12;0;0.0;data/sources/drees/62 EACR diffusée Part 2 - version du 26 mai 2026.xlsx;H-Conditions_liq;"regroupement de 9 motifs exclusifs; pension ponderee par effectifs";
SRC_CNAV_GROUP_avg_monthly_pension_eur;liquidation_groups.parquet;avg_monthly_pension_eur;CONFORME;12;0;0.0;data/sources/drees/62 EACR diffusée Part 2 - version du 26 mai 2026.xlsx;H-Conditions_liq;"regroupement de 9 motifs exclusifs; pension ponderee par effectifs";
JOINT_AGE_MARGIN;cnav_age_group_2024.csv;effectifs;CONFORME;51;0;0.0;data/sources/drees/62 EACR diffusée Part 1 - version du 26 mai 2026.xlsx;B-Liquidants;somme des motifs exclusifs par age et sexe;
JOINT_GROUP_MARGIN;cnav_age_group_2024.csv;effectifs;CONFORME;12;0;0.0;data/MASTER_DATA_RETRAITES_V1.xlsx;CNAV_LIQ_GROUP;somme des ages, y compris >70;
META_FIG24;retirement_baseline.parquet;;ALERTE;0;0;;data/sources/cor/Données_RA2026_P2.xlsx;Fig 2.4!B10 / Fig 2.2!B8;;"Fig 2.4!B10 mentionne fecondite 1,8, solde migratoire 70000 et chomage 7% des 2032; Fig 2.2!B8 mentionne 1,45, 150000 et 2040. Copie des valeurs conforme, validite economique non etablie."
CNAV_OPEN_AGE;liquidation_age_counts.parquet;;ALERTE;0;0;;;;;La source contient >70 (F=9083, H=6498). Le groupby(age_numeric) du modele elimine cette classe NaN: 632765 au lieu de 648346 au total F+H. Les effectifs 64 ans ne changent pas, les parts normalisees changent.
JOINT_DISCOVERED;cnav_age_group_2024.csv;;INFO;0;0;;data/sources/drees/62 EACR diffusée Part 2 - version du 26 mai 2026.xlsx;H-Conditions_liq;;Croisement observe age x sexe x motif disponible dans H-Conditions_liq. Export annexe fourni, non branche dans la simulation. Cela ne fournit ni statut juste avant liquidation ni hazard conditionnel.
STATUS_PROXY;labour_status_rates.parquet;;ALERTE;0;0;;;;;"Le groupe 60-64 ans porte sur toute la population en logement ordinaire, dont des retraites; il ne mesure pas le statut des liquidants avant leur depart."
MODEL_TRANSITION;reference_transition.py;;ALERTE;0;0;;;;;"Facteur lineaire (AOD-744)/24 ajoute au calendrier; hypothese propre au prototype, pas equation institutionnelle; pas de validation independante."
SOURCE_CONTEXT;all;;INFO;0;0;;;;;"Comparaison des fichiers fournis; authenticite, mise a jour externe et validation Legifrance non verifiees dans ce lot."
LEGAL_EFFECTIVE_DATE;legal_aod_dar.parquet;;ALERTE;0;0;;;;;"Tab 1.4 indique une application aux liquidations a partir du 1er septembre 2026; le moteur applique sa table a toutes les dates et simule un benchmark des 2022. Date d effet a modeliser; aucun lissage ajoute."
